{
	"info": {
		"_postman_id": "d9e2ed7c-b8c3-4713-8295-89d9e68399ca",
		"name": "QA Async WF 1 & 2",
		"schema": "https://schema.getpostman.com/json/collection/v2.1.0/collection.json",
		"_exporter_id": "13728733"
	},
	"item": [
		{
			"name": "WF6",
			"item": [
				{
					"name": "WF6 POST",
					"request": {
						"auth": {
							"type": "basic",
							"basic": [
								{
									"key": "password",
									"value": "Elx@12345",
									"type": "string"
								},
								{
									"key": "username",
									"value": "_R2D2",
									"type": "string"
								}
							]
						},
						"method": "POST",
						"header": [
							{
								"key": "Accept",
								"value": "application/json",
								"type": "text"
							}
						],
						"body": {
							"mode": "raw",
							"raw": "{\r\n    \"ProcessingTypeCode\": \"ZSRR\",\r\n    \"Name\": \"WF6 2022-11-02 Testing to document\",\r\n    \"DataOriginTypeCode\": \"1\",\r\n    \"SerialID\": \"2022_2255153\",\r\n    \"ServiceRequestUserLifeCycleStatusCode\": \"1\",\r\n    \"BuyerPartyID\": \"5884433\",\r\n    \"ServiceIssueCategoryID\": \"1\",\r\n    \"LX_PRD_CH1_KUT\": \"500\",\r\n    \"LX_TCK_CVRG\": \"ZZ\",\r\n    \"LX_TCK_TECHID_KUT\": \"12345\",\r\n    \"LX_TKT_ISPTYP\": \"111\",\r\n    \"ResolutionCode\": \"121\",\r\n    \"LX_TCK_BAC_KUT\": \"12345\",\r\n    \"LX_TCK_BKY_KUT\": \"12345\",\r\n    \"LX_TCK_EScontent\": \"26000\",\r\n    \"LX_TCK_EScurrencyCode\": \"EUR\",\r\n    \"LX_TCK_CE\": \"101\",\r\n    \"DivisionCode\": \"03\",\r\n    \"DistributionChannelCode\": \"C3\",\r\n    \"ServiceRequestItem\": [\r\n        {\r\n            \"ProductID\": \"30010\",\r\n            \"PlannedQuantity\": \"1.00000000000000\",\r\n            \"ServiceRequestExecutionLifeCycleStatusCode\": \"6\"\r\n        },\r\n        {\r\n            \"ProductID\": \"30014\",\r\n            \"PlannedQuantity\": \"1.00000000000000\",\r\n            \"ServiceRequestExecutionLifeCycleStatusCode\": \"6\"\r\n        },\r\n        {\r\n            \"UserServiceTransactionProcessingTypeCode\": \"ZPAR\",\r\n            \"ProductID\": \"1801611411\",\r\n            \"WarrantyGoodwillCode\": \"ZZ\",\r\n            \"ServiceRequestExecutionLifeCycleStatusCode\": \"6\"\r\n        }\r\n    ]\r\n}",
							"options": {
								"raw": {
									"language": "json"
								}
							}
						},
						"url": {
							"raw": "https://my338453.crm.ondemand.com/sap/c4c/odata/v1/ticket/ServiceRequestCollection",
							"protocol": "https",
							"host": [
								"my338453",
								"crm",
								"ondemand",
								"com"
							],
							"path": [
								"sap",
								"c4c",
								"odata",
								"v1",
								"ticket",
								"ServiceRequestCollection"
							]
						}
					},
					"response": []
				},
				{
					"name": "WF6 PATCH",
					"request": {
						"auth": {
							"type": "basic",
							"basic": [
								{
									"key": "password",
									"value": "Elx@12345",
									"type": "string"
								},
								{
									"key": "username",
									"value": "_R2D2",
									"type": "string"
								}
							]
						},
						"method": "PATCH",
						"header": [
							{
								"key": "Accept",
								"value": "application/json",
								"type": "text"
							}
						],
						"body": {
							"mode": "raw",
							"raw": "{\r\n    \"LX_TKT_BO_KUT\": true,\r\n    \"ItemListServiceRequestExecutionLifeCycleStatusCode\": \"6\"\r\n}",
							"options": {
								"raw": {
									"language": "json"
								}
							}
						},
						"url": {
							"raw": "https://my338453.crm.ondemand.com/sap/c4c/odata/cust/v1/srvtkt/ServiceRequestCollection('0298493419E81EDD96D4F00EF514AD57')",
							"protocol": "https",
							"host": [
								"my338453",
								"crm",
								"ondemand",
								"com"
							],
							"path": [
								"sap",
								"c4c",
								"odata",
								"cust",
								"v1",
								"srvtkt",
								"ServiceRequestCollection('0298493419E81EDD96D4F00EF514AD57')"
							]
						}
					},
					"response": []
				},
				{
					"name": "WF6 GET",
					"protocolProfileBehavior": {
						"disableBodyPruning": true
					},
					"request": {
						"auth": {
							"type": "basic",
							"basic": [
								{
									"key": "password",
									"value": "Elx@12345",
									"type": "string"
								},
								{
									"key": "username",
									"value": "_R2D2",
									"type": "string"
								}
							]
						},
						"method": "GET",
						"header": [
							{
								"key": "Accept",
								"value": "application/json",
								"type": "text"
							}
						],
						"body": {
							"mode": "raw",
							"raw": "{\r\n    \"ItemListExternalFollowUpProcessingReleaseStatusCode\": \"3\"\r\n}",
							"options": {
								"raw": {
									"language": "json"
								}
							}
						},
						"url": {
							"raw": "https://my338453.crm.ondemand.com/sap/c4c/odata/cust/v1/srvtkt/ServiceRequestCollection('0298493419E81EDD96CFB910A3B2324F')?$expand=ServiceRequestItem",
							"protocol": "https",
							"host": [
								"my338453",
								"crm",
								"ondemand",
								"com"
							],
							"path": [
								"sap",
								"c4c",
								"odata",
								"cust",
								"v1",
								"srvtkt",
								"ServiceRequestCollection('0298493419E81EDD96CFB910A3B2324F')"
							],
							"query": [
								{
									"key": "$expand",
									"value": "ServiceRequestItem"
								}
							]
						}
					},
					"response": []
				}
			]
		},
		{
			"name": "WF2_6_7",
			"item": [
				{
					"name": "WF6 POST",
					"request": {
						"auth": {
							"type": "basic",
							"basic": [
								{
									"key": "password",
									"value": "Elx@12345",
									"type": "string"
								},
								{
									"key": "username",
									"value": "_R2D2",
									"type": "string"
								}
							]
						},
						"method": "POST",
						"header": [
							{
								"key": "Accept",
								"value": "application/json",
								"type": "text"
							}
						],
						"body": {
							"mode": "raw",
							"raw": "{\r\n    \"ProcessingTypeCode\": \"ZSRR\",\r\n    \"Name\": \"WF6 2022-11-02 Testing to document\",\r\n    \"DataOriginTypeCode\": \"1\",\r\n    \"SerialID\": \"2022_2255153\",\r\n    \"ServiceRequestUserLifeCycleStatusCode\": \"Z6\",\r\n    \"BuyerPartyID\": \"5884433\",\r\n    \"ServiceIssueCategoryID\": \"1\",\r\n    \"LX_PRD_CH1_KUT\": \"500\",\r\n    \"LX_TCK_CVRG\": \"ZZ\",\r\n    \"LX_TCK_TECHID_KUT\": \"12345\",\r\n    \"LX_TKT_ISPTYP\": \"111\",\r\n    \"ResolutionCode\": \"121\",\r\n    \"LX_TCK_BAC_KUT\": \"12345\",\r\n    \"LX_TCK_BKY_KUT\": \"12345\",\r\n    \"LX_TCK_EScontent\": \"26000\",\r\n    \"LX_TCK_EScurrencyCode\": \"EUR\",\r\n    \"LX_TCK_CE\": \"101\",\r\n    \"DivisionCode\": \"03\",\r\n    \"DistributionChannelCode\": \"C3\",\r\n    \"LX_TKT_EXW_PRV_KUT\": \"\",\r\n    \"ServiceRequestItem\": [\r\n        {\r\n            \"ProductID\": \"30010\",\r\n            \"PlannedQuantity\": \"1.00000000000000\",\r\n            \"ServiceRequestExecutionLifeCycleStatusCode\": \"6\"\r\n        },\r\n        {\r\n            \"ProductID\": \"30014\",\r\n            \"PlannedQuantity\": \"1.00000000000000\",\r\n            \"ServiceRequestExecutionLifeCycleStatusCode\": \"6\"\r\n        },\r\n        {\r\n            \"UserServiceTransactionProcessingTypeCode\": \"ZPAR\",\r\n            \"ProductID\": \"1801611411\",\r\n            \"WarrantyGoodwillCode\": \"ZZ\",\r\n            \"ServiceRequestExecutionLifeCycleStatusCode\": \"6\"\r\n        }\r\n    ]\r\n}",
							"options": {
								"raw": {
									"language": "json"
								}
							}
						},
						"url": {
							"raw": "https://my338453.crm.ondemand.com/sap/c4c/odata/v1/ticket/ServiceRequestCollection",
							"protocol": "https",
							"host": [
								"my338453",
								"crm",
								"ondemand",
								"com"
							],
							"path": [
								"sap",
								"c4c",
								"odata",
								"v1",
								"ticket",
								"ServiceRequestCollection"
							]
						}
					},
					"response": []
				},
				{
					"name": "WF6 PATCH",
					"request": {
						"auth": {
							"type": "basic",
							"basic": [
								{
									"key": "password",
									"value": "Elx@12345",
									"type": "string"
								},
								{
									"key": "username",
									"value": "_R2D2",
									"type": "string"
								}
							]
						},
						"method": "PATCH",
						"header": [
							{
								"key": "Accept",
								"value": "application/json",
								"type": "text"
							}
						],
						"body": {
							"mode": "raw",
							"raw": "{\r\n    \"LX_TKT_BO_KUT\": true,\r\n    \"ItemListServiceRequestExecutionLifeCycleStatusCode\": \"6\",\r\n    \"LX_TKT_CLMSTS_KUT\": \"Z3\"\r\n}",
							"options": {
								"raw": {
									"language": "json"
								}
							}
						},
						"url": {
							"raw": "https://my338453.crm.ondemand.com/sap/c4c/odata/cust/v1/srvtkt/ServiceRequestCollection('0298493419E81EDD96D570A670DFB271')",
							"protocol": "https",
							"host": [
								"my338453",
								"crm",
								"ondemand",
								"com"
							],
							"path": [
								"sap",
								"c4c",
								"odata",
								"cust",
								"v1",
								"srvtkt",
								"ServiceRequestCollection('0298493419E81EDD96D570A670DFB271')"
							]
						}
					},
					"response": []
				},
				{
					"name": "WF6 GET",
					"protocolProfileBehavior": {
						"disableBodyPruning": true
					},
					"request": {
						"auth": {
							"type": "basic",
							"basic": [
								{
									"key": "password",
									"value": "Elx@12345",
									"type": "string"
								},
								{
									"key": "username",
									"value": "_R2D2",
									"type": "string"
								}
							]
						},
						"method": "GET",
						"header": [
							{
								"key": "Accept",
								"value": "application/json",
								"type": "text"
							}
						],
						"body": {
							"mode": "raw",
							"raw": "{\r\n    \"ItemListExternalFollowUpProcessingReleaseStatusCode\": \"3\"\r\n}",
							"options": {
								"raw": {
									"language": "json"
								}
							}
						},
						"url": {
							"raw": "https://my338453.crm.ondemand.com/sap/c4c/odata/cust/v1/srvtkt/ServiceRequestCollection('0298493419E81EDD96D570A670DFB271')?$expand=ServiceRequestItem",
							"protocol": "https",
							"host": [
								"my338453",
								"crm",
								"ondemand",
								"com"
							],
							"path": [
								"sap",
								"c4c",
								"odata",
								"cust",
								"v1",
								"srvtkt",
								"ServiceRequestCollection('0298493419E81EDD96D570A670DFB271')"
							],
							"query": [
								{
									"key": "$expand",
									"value": "ServiceRequestItem"
								}
							]
						}
					},
					"response": []
				}
			]
		},
		{
			"name": "WF1_6_7",
			"item": [
				{
					"name": "WF6 POST",
					"request": {
						"auth": {
							"type": "basic",
							"basic": [
								{
									"key": "password",
									"value": "Elx@12345",
									"type": "string"
								},
								{
									"key": "username",
									"value": "_R2D2",
									"type": "string"
								}
							]
						},
						"method": "POST",
						"header": [
							{
								"key": "Accept",
								"value": "application/json",
								"type": "text"
							}
						],
						"body": {
							"mode": "raw",
							"raw": "{\r\n    \"ProcessingTypeCode\": \"ZSRR\",\r\n    \"Name\": \"WF6 2022-11-02 Testing to document\",\r\n    \"DataOriginTypeCode\": \"1\",\r\n    \"SerialID\": \"2022_2255153\",\r\n    \"ServiceRequestUserLifeCycleStatusCode\": \"Z6\",\r\n    \"BuyerPartyID\": \"5884433\",\r\n    \"ServiceIssueCategoryID\": \"1\",\r\n    \"LX_PRD_CH1_KUT\": \"500\",\r\n    \"LX_TCK_CVRG\": \"ZZ\",\r\n    \"LX_TCK_TECHID_KUT\": \"12345\",\r\n    \"LX_TKT_ISPTYP\": \"111\",\r\n    \"ResolutionCode\": \"121\",\r\n    \"LX_TCK_BAC_KUT\": \"12345\",\r\n    \"LX_TCK_BKY_KUT\": \"12345\",\r\n    \"LX_TCK_EScontent\": \"26000\",\r\n    \"LX_TCK_EScurrencyCode\": \"EUR\",\r\n    \"LX_TCK_CE\": \"101\",\r\n    \"DivisionCode\": \"03\",\r\n    \"DistributionChannelCode\": \"C3\",\r\n    \"LX_TKT_EXW_PRV_KUT\": \"151\",\r\n    \"ServiceRequestItem\": [\r\n        {\r\n            \"ProductID\": \"30010\",\r\n            \"PlannedQuantity\": \"1.00000000000000\",\r\n            \"ServiceRequestExecutionLifeCycleStatusCode\": \"6\"\r\n        },\r\n        {\r\n            \"ProductID\": \"30014\",\r\n            \"PlannedQuantity\": \"1.00000000000000\",\r\n            \"ServiceRequestExecutionLifeCycleStatusCode\": \"6\"\r\n        },\r\n        {\r\n            \"UserServiceTransactionProcessingTypeCode\": \"ZPAR\",\r\n            \"ProductID\": \"1801611411\",\r\n            \"WarrantyGoodwillCode\": \"ZZ\",\r\n            \"ServiceRequestExecutionLifeCycleStatusCode\": \"6\"\r\n        }\r\n    ]\r\n}",
							"options": {
								"raw": {
									"language": "json"
								}
							}
						},
						"url": {
							"raw": "https://my338453.crm.ondemand.com/sap/c4c/odata/v1/ticket/ServiceRequestCollection",
							"protocol": "https",
							"host": [
								"my338453",
								"crm",
								"ondemand",
								"com"
							],
							"path": [
								"sap",
								"c4c",
								"odata",
								"v1",
								"ticket",
								"ServiceRequestCollection"
							]
						}
					},
					"response": []
				},
				{
					"name": "WF6 PATCH",
					"request": {
						"auth": {
							"type": "basic",
							"basic": [
								{
									"key": "password",
									"value": "Elx@12345",
									"type": "string"
								},
								{
									"key": "username",
									"value": "_R2D2",
									"type": "string"
								}
							]
						},
						"method": "PATCH",
						"header": [
							{
								"key": "Accept",
								"value": "application/json",
								"type": "text"
							}
						],
						"body": {
							"mode": "raw",
							"raw": "{\r\n    \"LX_TKT_BO_KUT\": true,\r\n    \"ItemListServiceRequestExecutionLifeCycleStatusCode\": \"6\",\r\n    \"LX_TKT_CLMSTS_KUT\": \"Z3\"\r\n}",
							"options": {
								"raw": {
									"language": "json"
								}
							}
						},
						"url": {
							"raw": "https://my338453.crm.ondemand.com/sap/c4c/odata/cust/v1/srvtkt/ServiceRequestCollection('0298493419E81EDD96D648588856BB96')",
							"protocol": "https",
							"host": [
								"my338453",
								"crm",
								"ondemand",
								"com"
							],
							"path": [
								"sap",
								"c4c",
								"odata",
								"cust",
								"v1",
								"srvtkt",
								"ServiceRequestCollection('0298493419E81EDD96D648588856BB96')"
							]
						}
					},
					"response": []
				},
				{
					"name": "WF6 GET",
					"protocolProfileBehavior": {
						"disableBodyPruning": true
					},
					"request": {
						"auth": {
							"type": "basic",
							"basic": [
								{
									"key": "password",
									"value": "Elx@12345",
									"type": "string"
								},
								{
									"key": "username",
									"value": "_R2D2",
									"type": "string"
								}
							]
						},
						"method": "GET",
						"header": [
							{
								"key": "Accept",
								"value": "application/json",
								"type": "text"
							}
						],
						"body": {
							"mode": "raw",
							"raw": "{\r\n    \"ItemListExternalFollowUpProcessingReleaseStatusCode\": \"3\"\r\n}",
							"options": {
								"raw": {
									"language": "json"
								}
							}
						},
						"url": {
							"raw": "https://my338453.crm.ondemand.com/sap/c4c/odata/cust/v1/srvtkt/ServiceRequestCollection('0298493419E81EDD96D570A670DFB271')?$expand=ServiceRequestItem",
							"protocol": "https",
							"host": [
								"my338453",
								"crm",
								"ondemand",
								"com"
							],
							"path": [
								"sap",
								"c4c",
								"odata",
								"cust",
								"v1",
								"srvtkt",
								"ServiceRequestCollection('0298493419E81EDD96D570A670DFB271')"
							],
							"query": [
								{
									"key": "$expand",
									"value": "ServiceRequestItem"
								}
							]
						}
					},
					"response": []
				}
			]
		},
		{
			"name": "WF3",
			"item": [
				{
					"name": "WF3 GET",
					"protocolProfileBehavior": {
						"disableBodyPruning": true
					},
					"request": {
						"auth": {
							"type": "basic",
							"basic": [
								{
									"key": "password",
									"value": "Elx@12345",
									"type": "string"
								},
								{
									"key": "username",
									"value": "_R2D2",
									"type": "string"
								}
							]
						},
						"method": "GET",
						"header": [
							{
								"key": "Accept",
								"value": "application/json",
								"type": "text"
							}
						],
						"body": {
							"mode": "raw",
							"raw": "",
							"options": {
								"raw": {
									"language": "json"
								}
							}
						},
						"url": {
							"raw": "https://my338453.crm.ondemand.com/sap/c4c/odata/cust/v1/srvtkt/ServiceRequestCollection('0298493419E81EED95D7DF4D2FF3E4ED')?&$expand=ServiceRequestItem",
							"protocol": "https",
							"host": [
								"my338453",
								"crm",
								"ondemand",
								"com"
							],
							"path": [
								"sap",
								"c4c",
								"odata",
								"cust",
								"v1",
								"srvtkt",
								"ServiceRequestCollection('0298493419E81EED95D7DF4D2FF3E4ED')"
							],
							"query": [
								{
									"key": null,
									"value": null
								},
								{
									"key": "$expand",
									"value": "ServiceRequestItem"
								}
							]
						}
					},
					"response": []
				},
				{
					"name": "WF3 GET TEST",
					"protocolProfileBehavior": {
						"disableBodyPruning": true
					},
					"request": {
						"auth": {
							"type": "basic",
							"basic": [
								{
									"key": "password",
									"value": "Elx@12345",
									"type": "string"
								},
								{
									"key": "username",
									"value": "_R2D2",
									"type": "string"
								}
							]
						},
						"method": "GET",
						"header": [
							{
								"key": "Accept",
								"value": "application/json",
								"type": "text"
							}
						],
						"body": {
							"mode": "raw",
							"raw": "",
							"options": {
								"raw": {
									"language": "json"
								}
							}
						},
						"url": {
							"raw": "https://my338453.crm.ondemand.com/sap/c4c/odata/cust/v1/srvtkt/ServiceRequestCollection('0298493419E81EED95D7DF4D2FF3E4ED')?&$expand=ServiceRequestItem",
							"protocol": "https",
							"host": [
								"my338453",
								"crm",
								"ondemand",
								"com"
							],
							"path": [
								"sap",
								"c4c",
								"odata",
								"cust",
								"v1",
								"srvtkt",
								"ServiceRequestCollection('0298493419E81EED95D7DF4D2FF3E4ED')"
							],
							"query": [
								{
									"key": null,
									"value": null
								},
								{
									"key": "$expand",
									"value": "ServiceRequestItem"
								}
							]
						}
					},
					"response": []
				},
				{
					"name": "WF3 POST",
					"request": {
						"auth": {
							"type": "basic",
							"basic": [
								{
									"key": "password",
									"value": "Elx@12345",
									"type": "string"
								},
								{
									"key": "username",
									"value": "_R2D2",
									"type": "string"
								}
							]
						},
						"method": "POST",
						"header": [
							{
								"key": "Accept",
								"value": "application/json",
								"type": "text"
							}
						],
						"body": {
							"mode": "raw",
							"raw": "{\r\n    \"ProcessingTypeCode\": \"ZSRR\",\r\n    \"Name\": \"WF5 2022-09-23 Test 2\",\r\n    \"DataOriginTypeCode\": \"1\",\r\n    \"SerialID\": \"2022_2255153\",\r\n    \"ServiceRequestUserLifeCycleStatusCode\": \"Z7\",\r\n    \"BuyerPartyID\": \"5884433\",\r\n    \"ServiceIssueCategoryID\": \"1\",\r\n    \"LX_PRD_CH1_KUT\": \"500\",\r\n    \"LX_TCK_CVRG\": \"ZZ\",\r\n    \"LX_TCK_TECHID_KUT\": \"12345\",\r\n    \"LX_TKT_ISPTYP\": \"111\",\r\n    \"ResolutionCode\": \"191\",\r\n    \"LX_TCK_BAC_KUT\": \"12345\",\r\n    \"LX_TCK_BKY_KUT\": \"12345\",\r\n    \"LX_TCK_EScontent\": \"26000\",\r\n    \"LX_TCK_EScurrencyCode\": \"EUR\",\r\n    \"LX_TCK_CE\": \"101\",\r\n    \"DivisionCode\": \"03\",\r\n    \"DistributionChannelCode\": \"C3\",\r\n    \"ServiceRequestItem\": [\r\n        {\r\n            \"ProductID\": \"30010\",\r\n            \"PlannedQuantity\": \"1.00000000000000\",\r\n            \"ServiceRequestExecutionLifeCycleStatusCode\": \"6\"\r\n        },\r\n        {\r\n            \"ProductID\": \"30014\",\r\n            \"PlannedQuantity\": \"1.00000000000000\",\r\n            \"ServiceRequestExecutionLifeCycleStatusCode\": \"6\"\r\n        },\r\n        {\r\n            \"UserServiceTransactionProcessingTypeCode\": \"ZPAR\",\r\n            \"ProductID\": \"1801611411\",\r\n            \"WarrantyGoodwillCode\": \"ZZ\",\r\n            \"ServiceRequestExecutionLifeCycleStatusCode\": \"6\"\r\n        }\r\n    ]\r\n}",
							"options": {
								"raw": {
									"language": "json"
								}
							}
						},
						"url": {
							"raw": "https://my338453.crm.ondemand.com/sap/c4c/odata/v1/ticket/ServiceRequestCollection",
							"protocol": "https",
							"host": [
								"my338453",
								"crm",
								"ondemand",
								"com"
							],
							"path": [
								"sap",
								"c4c",
								"odata",
								"v1",
								"ticket",
								"ServiceRequestCollection"
							]
						}
					},
					"response": []
				},
				{
					"name": "WF3 POST TEST",
					"request": {
						"auth": {
							"type": "basic",
							"basic": [
								{
									"key": "password",
									"value": "Elx@12345",
									"type": "string"
								},
								{
									"key": "username",
									"value": "_R2D2",
									"type": "string"
								}
							]
						},
						"method": "POST",
						"header": [
							{
								"key": "Accept",
								"value": "application/json",
								"type": "text"
							}
						],
						"body": {
							"mode": "raw",
							"raw": "{\r\n    \"ProcessingTypeCode\": \"ZSRR\",\r\n    \"Name\": \"WF5 2022-09-23 Test 2\",\r\n    \"DataOriginTypeCode\": \"1\",\r\n    \"SerialID\": \"2022_2255153\",\r\n    \"ServiceRequestUserLifeCycleStatusCode\": \"Z7\",\r\n    \"BuyerPartyID\": \"5884433\",\r\n    \"ServiceIssueCategoryID\": \"1\",\r\n    \"LX_PRD_CH1_KUT\": \"500\",\r\n    \"LX_TCK_CVRG\": \"ZZ\",\r\n    \"LX_TCK_TECHID_KUT\": \"12345\",\r\n    \"LX_TKT_ISPTYP\": \"111\",\r\n    \"ResolutionCode\": \"191\",\r\n    \"LX_TCK_BAC_KUT\": \"12345\",\r\n    \"LX_TCK_BKY_KUT\": \"12345\",\r\n    \"LX_TCK_EScontent\": \"26000\",\r\n    \"LX_TCK_EScurrencyCode\": \"EUR\",\r\n    \"LX_TCK_CE\": \"101\",\r\n    \"DivisionCode\": \"03\",\r\n    \"DistributionChannelCode\": \"C3\",\r\n    \"ServiceRequestItem\": [\r\n        {\r\n            \"ProductID\": \"30010\",\r\n            \"PlannedQuantity\": \"1.00000000000000\",\r\n            \"ServiceRequestExecutionLifeCycleStatusCode\": \"6\"\r\n        },\r\n        {\r\n            \"ProductID\": \"30014\",\r\n            \"PlannedQuantity\": \"1.00000000000000\",\r\n            \"ServiceRequestExecutionLifeCycleStatusCode\": \"6\"\r\n        },\r\n        {\r\n            \"UserServiceTransactionProcessingTypeCode\": \"ZPAR\",\r\n            \"ProductID\": \"1801611411\",\r\n            \"WarrantyGoodwillCode\": \"ZZ\",\r\n            \"ServiceRequestExecutionLifeCycleStatusCode\": \"6\"\r\n        }\r\n    ]\r\n}",
							"options": {
								"raw": {
									"language": "json"
								}
							}
						},
						"url": {
							"raw": "https://my338453.crm.ondemand.com/sap/c4c/odata/v1/ticket/ServiceRequestCollection",
							"protocol": "https",
							"host": [
								"my338453",
								"crm",
								"ondemand",
								"com"
							],
							"path": [
								"sap",
								"c4c",
								"odata",
								"v1",
								"ticket",
								"ServiceRequestCollection"
							]
						}
					},
					"response": []
				},
				{
					"name": "WF3 PATCH",
					"request": {
						"auth": {
							"type": "basic",
							"basic": [
								{
									"key": "password",
									"value": "Elx@12345",
									"type": "string"
								},
								{
									"key": "username",
									"value": "_R2D2",
									"type": "string"
								}
							]
						},
						"method": "PATCH",
						"header": [
							{
								"key": "Accept",
								"value": "application/json",
								"type": "text"
							}
						],
						"body": {
							"mode": "raw",
							"raw": "{\r\n    \"ItemListExternalFollowUpProcessingReleaseStatusCode\": \"3\"\r\n}",
							"options": {
								"raw": {
									"language": "json"
								}
							}
						},
						"url": {
							"raw": "https://my338453.crm.ondemand.com/sap/c4c/odata/cust/v1/srvtkt/ServiceRequestCollection('0298493419E81EED95D7DF4D2FF3E4ED')",
							"protocol": "https",
							"host": [
								"my338453",
								"crm",
								"ondemand",
								"com"
							],
							"path": [
								"sap",
								"c4c",
								"odata",
								"cust",
								"v1",
								"srvtkt",
								"ServiceRequestCollection('0298493419E81EED95D7DF4D2FF3E4ED')"
							]
						}
					},
					"response": []
				},
				{
					"name": "WF3 PATCH TEST",
					"request": {
						"auth": {
							"type": "basic",
							"basic": [
								{
									"key": "password",
									"value": "Elx@12345",
									"type": "string"
								},
								{
									"key": "username",
									"value": "_R2D2",
									"type": "string"
								}
							]
						},
						"method": "PATCH",
						"header": [
							{
								"key": "Accept",
								"value": "application/json",
								"type": "text"
							}
						],
						"body": {
							"mode": "raw",
							"raw": "{\r\n    \"ItemListExternalFollowUpProcessingReleaseStatusCode\": \"3\"\r\n}",
							"options": {
								"raw": {
									"language": "json"
								}
							}
						},
						"url": {
							"raw": "https://my338453.crm.ondemand.com/sap/c4c/odata/cust/v1/srvtkt/ServiceRequestCollection('0298493419E81EED95D7DF4D2FF3E4ED')",
							"protocol": "https",
							"host": [
								"my338453",
								"crm",
								"ondemand",
								"com"
							],
							"path": [
								"sap",
								"c4c",
								"odata",
								"cust",
								"v1",
								"srvtkt",
								"ServiceRequestCollection('0298493419E81EED95D7DF4D2FF3E4ED')"
							]
						}
					},
					"response": []
				}
			]
		},
		{
			"name": "WF5",
			"item": [
				{
					"name": "WF5 POST",
					"request": {
						"auth": {
							"type": "basic",
							"basic": [
								{
									"key": "password",
									"value": "Elx@12345",
									"type": "string"
								},
								{
									"key": "username",
									"value": "_R2D2",
									"type": "string"
								}
							]
						},
						"method": "POST",
						"header": [
							{
								"key": "Accept",
								"value": "application/ecmascript",
								"type": "text"
							}
						],
						"body": {
							"mode": "raw",
							"raw": "{\r\n\r\n\t\"ProcessingTypeCode\": \"ZSRR\",\r\n\t\"Name\": \"WF5 2022-09-23 Test 2\",\r\n\t\"DataOriginTypeCode\": \"1\",\r\n    \"SerialID\": \"2022_2255153\",\r\n\t\"ServiceRequestUserLifeCycleStatusCode\": \"5\",\r\n\t\"BuyerPartyID\": \"5884433\",\r\n\t\"ServiceIssueCategoryID\": \"1\",\r\n\t\"LX_PRD_CH1_KUT\": \"500\",\r\n\t\"LX_TCK_CVRG\": \"ZP\",\r\n\t\"LX_TCK_TECHID_KUT\": \"12345\",\r\n\t\"LX_TKT_ISPTYP\": \"111\",\r\n\t\"ResolutionCode\": \"191\",\r\n    \"LX_TCK_BAC_KUT\": \"12345\",\r\n    \"LX_TCK_BKY_KUT\": \"12345\",\r\n    \"LX_TCK_EScontent\":\"26000\",\r\n    \"LX_TCK_EScurrencyCode\":\"EUR\",\r\n    \"LX_TCK_CE\": \"101\",\r\n\t\"ResolvedOnDateTime\":\"2022-10-28T00:00:00\",\r\n\t\"ServiceRequestItem\": [{\r\n\t\t\t\"ProductID\": \"30016\",\r\n\t\t\t\"PlannedQuantity\": \"1.00000000000000\",\r\n            \"WarrantyGoodwillCode\":\"ZZ\"\r\n\t\t},\r\n\t\t{\r\n\t\t\t\"ProductID\": \"30010\",\r\n\t\t\t\"PlannedQuantity\": \"1.00000000000000\",\r\n            \"WarrantyGoodwillCode\":\"ZZ\"\r\n\t\t}\r\n\t]\r\n}",
							"options": {
								"raw": {
									"language": "json"
								}
							}
						},
						"url": {
							"raw": "https://my338453.crm.ondemand.com/sap/c4c/odata/v1/ticket/ServiceRequestCollection",
							"protocol": "https",
							"host": [
								"my338453",
								"crm",
								"ondemand",
								"com"
							],
							"path": [
								"sap",
								"c4c",
								"odata",
								"v1",
								"ticket",
								"ServiceRequestCollection"
							]
						}
					},
					"response": []
				},
				{
					"name": "WF5 PATCH",
					"request": {
						"auth": {
							"type": "basic",
							"basic": [
								{
									"key": "password",
									"value": "Elx@12345",
									"type": "string"
								},
								{
									"key": "username",
									"value": "_R2D2",
									"type": "string"
								}
							]
						},
						"method": "PATCH",
						"header": [
							{
								"key": "Accept",
								"value": "application/json",
								"type": "text"
							}
						],
						"body": {
							"mode": "raw",
							"raw": "{\r\n     \"LX_TKT_COMPL_DATE_KUT\":\"2022-09-21T00:00:00\"\r\n}",
							"options": {
								"raw": {
									"language": "json"
								}
							}
						},
						"url": {
							"raw": "https://my338453.crm.ondemand.com/sap/c4c/odata/cust/v1/srvtkt/ServiceRequestCollection('02A3DBFD48981EDD96A11D447EAED990')",
							"protocol": "https",
							"host": [
								"my338453",
								"crm",
								"ondemand",
								"com"
							],
							"path": [
								"sap",
								"c4c",
								"odata",
								"cust",
								"v1",
								"srvtkt",
								"ServiceRequestCollection('02A3DBFD48981EDD96A11D447EAED990')"
							]
						}
					},
					"response": []
				},
				{
					"name": "New Request",
					"request": {
						"auth": {
							"type": "basic",
							"basic": [
								{
									"key": "password",
									"value": "Elx@12345",
									"type": "string"
								},
								{
									"key": "username",
									"value": "_R2D2",
									"type": "string"
								}
							]
						},
						"method": "GET",
						"header": [
							{
								"key": "[2:52 PM] Himanshu Kapoor\nodata-no-codedescs",
								"value": "",
								"type": "text",
								"disabled": true
							},
							{
								"key": "odata-no-codedescs",
								"value": "true",
								"type": "text"
							},
							{
								"key": "[2",
								"value": "52 PM] Himanshu Kapoor",
								"disabled": true
							}
						],
						"url": {
							"raw": "https://my338453.crm.ondemand.com/sap/c4c/odata/cust/v1/srvtkt/ServiceRequestCollection?$filter=TicketID eq '100988650'",
							"protocol": "https",
							"host": [
								"my338453",
								"crm",
								"ondemand",
								"com"
							],
							"path": [
								"sap",
								"c4c",
								"odata",
								"cust",
								"v1",
								"srvtkt",
								"ServiceRequestCollection"
							],
							"query": [
								{
									"key": "$filter",
									"value": "TicketID eq '100988650'"
								}
							]
						}
					},
					"response": []
				}
			]
		},
		{
			"name": "Standerd Get",
			"request": {
				"auth": {
					"type": "basic",
					"basic": [
						{
							"key": "password",
							"value": "Elx@12345",
							"type": "string"
						},
						{
							"key": "username",
							"value": "_R2D2",
							"type": "string"
						}
					]
				},
				"method": "POST",
				"header": [
					{
						"key": "Accept",
						"value": "application/json",
						"type": "text"
					}
				],
				"body": {
					"mode": "raw",
					"raw": "{\r\n\t\"ProcessingTypeCode\": \"ZSRR\",\r\n\t\"Name\": \"WF1 28-09-2022 Test Case 1 - Z6\",\r\n\t\"DataOriginTypeCode\": \"1\",\r\n\t\"SerialID\": \"2021_2128828\",\r\n\t\"ProductID\": \"900081234\",\r\n\t\"ServiceRequestUserLifeCycleStatusCode\": \"Z6\",\r\n\t\"ServiceExecutionTeamPartyID\": \"PLXDUM101\",\r\n\t\"BuyerPartyID\": \"1233406\",\r\n\t\"ServiceIssueCategoryID\": \"1\",\r\n\t\"LX_PRD_CH1_KUT\": \"500\",\r\n\t\"LX_TCK_CVRG\": \"Z1\",\r\n\t\"LX_TKT_ISPTYP\": \"111\",\r\n    \"LX_TKT_EXW_PRV_KUT\":\"111\"\r\n}",
					"options": {
						"raw": {
							"language": "json"
						}
					}
				},
				"url": {
					"raw": "https://my338453.crm.ondemand.com/sap/c4c/odata/v1/ticket/ServiceRequestCollection",
					"protocol": "https",
					"host": [
						"my338453",
						"crm",
						"ondemand",
						"com"
					],
					"path": [
						"sap",
						"c4c",
						"odata",
						"v1",
						"ticket",
						"ServiceRequestCollection"
					]
				}
			},
			"response": []
		},
		{
			"name": "WF3",
			"request": {
				"auth": {
					"type": "basic",
					"basic": [
						{
							"key": "password",
							"value": "Elx@12345",
							"type": "string"
						},
						{
							"key": "username",
							"value": "_R2D2",
							"type": "string"
						}
					]
				},
				"method": "POST",
				"header": [
					{
						"key": "Accept",
						"value": "application/json",
						"type": "text"
					}
				],
				"body": {
					"mode": "raw",
					"raw": "{\r\n\t\"ProcessingTypeCode\": \"ZSRR\",\r\n\t\"Name\": \"WF1 28-09-2022 Test Case 1 - Z6\",\r\n\t\"DataOriginTypeCode\": \"1\",\r\n\t\"SerialID\": \"2021_2128828\",\r\n\t\"ProductID\": \"900081234\",\r\n\t\"ServiceRequestUserLifeCycleStatusCode\": \"Z6\",\r\n\t\"ServiceExecutionTeamPartyID\": \"PLXDUM101\",\r\n\t\"BuyerPartyID\": \"1233406\",\r\n\t\"ServiceIssueCategoryID\": \"1\",\r\n\t\"LX_PRD_CH1_KUT\": \"500\",\r\n\t\"LX_TCK_CVRG\": \"Z1\",\r\n\t\"LX_TKT_ISPTYP\": \"111\",\r\n    \"LX_TKT_EXW_PRV_KUT\":\"111\"\r\n}",
					"options": {
						"raw": {
							"language": "json"
						}
					}
				},
				"url": {
					"raw": "https://my338453.crm.ondemand.com/sap/c4c/odata/v1/ticket/ServiceRequestCollection",
					"protocol": "https",
					"host": [
						"my338453",
						"crm",
						"ondemand",
						"com"
					],
					"path": [
						"sap",
						"c4c",
						"odata",
						"v1",
						"ticket",
						"ServiceRequestCollection"
					]
				}
			},
			"response": []
		},
		{
			"name": "WF1&7 Patch",
			"request": {
				"auth": {
					"type": "basic",
					"basic": [
						{
							"key": "password",
							"value": "Elx@12345",
							"type": "string"
						},
						{
							"key": "username",
							"value": "_R2D2",
							"type": "string"
						}
					]
				},
				"method": "POST",
				"header": [
					{
						"key": "Accept",
						"value": "application/json",
						"type": "text"
					}
				],
				"body": {
					"mode": "raw",
					"raw": "{\r\n\t\"ProcessingTypeCode\": \"ZSRR\",\r\n\t\"Name\": \"WF2 28-09-2022 Test Case 1 - Z7\",\r\n\t\"DataOriginTypeCode\": \"1\",\r\n\t\"SerialID\": \"2021_1896416\",\r\n\t\"ProductID\": \"911536437\",\r\n\t\"ServiceRequestUserLifeCycleStatusCode\": \"Z7\",\r\n\t\"ServiceExecutionTeamPartyID\": \"NOXSOP101\",\r\n\t\"BuyerPartyID\": \"1222491\",\r\n\t\"ServiceIssueCategoryID\": \"1\",\r\n\t\"LX_PRD_CH1_KUT\": \"500\",\r\n\t\"LX_TCK_CVRG\": \"Z1\",\r\n\t\"LX_TKT_ISPTYP\": \"111\",\r\n\t\"WarrantyGoodwillCode\": \"Z1\",\r\n\t\"LX_TCK_TECHID_KUT\": \"12345\",\r\n\t\"ResolutionCode\": \"241\",\r\n\t\"ServiceRequestItem\": [{\r\n\t\t\t\"ProductID\": \"30016\",\r\n\t\t\t\"PlannedQuantity\": \"1.00000000000000\"\r\n\t\t},\r\n\t\t{\r\n\t\t\t\"ProductID\": \"30010\",\r\n\t\t\t\"PlannedQuantity\": \"1.00000000000000\"\r\n\t\t}\r\n\t]\r\n}",
					"options": {
						"raw": {
							"language": "json"
						}
					}
				},
				"url": {
					"raw": "https://my338453.crm.ondemand.com/sap/c4c/odata/v1/ticket/ServiceRequestCollection",
					"protocol": "https",
					"host": [
						"my338453",
						"crm",
						"ondemand",
						"com"
					],
					"path": [
						"sap",
						"c4c",
						"odata",
						"v1",
						"ticket",
						"ServiceRequestCollection"
					]
				}
			},
			"response": []
		},
		{
			"name": "WF2_Z7_QA",
			"request": {
				"auth": {
					"type": "basic",
					"basic": [
						{
							"key": "password",
							"value": "Elx@12345",
							"type": "string"
						},
						{
							"key": "username",
							"value": "_R2D2",
							"type": "string"
						}
					]
				},
				"method": "POST",
				"header": [
					{
						"key": "Accept",
						"value": "application/json",
						"type": "text"
					}
				],
				"body": {
					"mode": "raw",
					"raw": "{\r\n\r\n\t\"ProcessingTypeCode\": \"ZSRR\",\r\n\t\"Name\": \"One more for SRE\",\r\n\t\"DataOriginTypeCode\": \"1\",\r\n\t\"SerialID\": \"2022_2255153\",\r\n\t\"ServiceRequestUserLifeCycleStatusCode\": \"Z7\",\r\n\t\"BuyerPartyID\": \"5884433\",\r\n\t\"WarrantyGoodwillCode\": \"Z1\",\r\n\t\"ServiceIssueCategoryID\": \"1\",\r\n\t\"LX_PRD_CH1_KUT\": \"500\",\r\n\t\"LX_TCK_CVRG\": \"Z1\",\r\n\t\"LX_TCK_TECHID_KUT\": \"12345\",\r\n\t\"LX_TKT_ISPTYP\": \"111\",\r\n    \"LX_TKT_EXW_PRV_KUT\":\"\",\r\n\t\"ResolutionCode\": \"191\",\r\n\t\"ServiceRequestItem\": [{\r\n\t\t\t\"ProductID\": \"30016\",\r\n\t\t\t\"PlannedQuantity\": \"1.00000000000000\"\r\n\t\t},\r\n\t\t{\r\n\t\t\t\"ProductID\": \"30010\",\r\n\t\t\t\"PlannedQuantity\": \"1.00000000000000\"\r\n\t\t}\r\n\t]\r\n}",
					"options": {
						"raw": {
							"language": "json"
						}
					}
				},
				"url": {
					"raw": "https://my338453.crm.ondemand.com/sap/c4c/odata/v1/ticket/ServiceRequestCollection",
					"protocol": "https",
					"host": [
						"my338453",
						"crm",
						"ondemand",
						"com"
					],
					"path": [
						"sap",
						"c4c",
						"odata",
						"v1",
						"ticket",
						"ServiceRequestCollection"
					]
				}
			},
			"response": []
		},
		{
			"name": "WF2_Z7_QA Copy",
			"protocolProfileBehavior": {
				"disableBodyPruning": true
			},
			"request": {
				"auth": {
					"type": "basic",
					"basic": [
						{
							"key": "password",
							"value": "Elx@12345",
							"type": "string"
						},
						{
							"key": "username",
							"value": "_R2D2",
							"type": "string"
						}
					]
				},
				"method": "GET",
				"header": [
					{
						"key": "Accept",
						"value": "application/json",
						"type": "text"
					}
				],
				"body": {
					"mode": "raw",
					"raw": "{\r\n\r\n\t\"ProcessingTypeCode\": \"ZSRR\",\r\n\t\"Name\": \"WF2 28-09-2022 Test Case 1 - Z7\",\r\n\t\"DataOriginTypeCode\": \"1\",\r\n\t\"SerialID\": \"2021_1896416\",\r\n\t\"ProductID\": \"911536437\",\r\n\t\"ServiceRequestUserLifeCycleStatusCode\": \"Z7\",\r\n\t\"ServiceExecutionTeamPartyID\": \"NOXSOP101\",\r\n\t\"BuyerPartyID\": \"1222491\",\r\n\t\"WarrantyGoodwillCode\": \"Z1\",\r\n\t\"ServiceIssueCategoryID\": \"1\",\r\n\t\"LX_PRD_CH1_KUT\": \"500\",\r\n\t\"LX_TCK_CVRG\": \"Z1\",\r\n\t\"LX_TCK_TECHID_KUT\": \"12345\",\r\n\t\"LX_TKT_ISPTYP\": \"111\",\r\n\t\"ResolutionCode\": \"241\",\r\n\t\"ServiceRequestItem\": [{\r\n\t\t\t\"ProductID\": \"30016\",\r\n\t\t\t\"PlannedQuantity\": \"1.00000000000000\"\r\n\t\t},\r\n\t\t{\r\n\t\t\t\"ProductID\": \"30010\",\r\n\t\t\t\"PlannedQuantity\": \"1.00000000000000\"\r\n\t\t}\r\n\t]\r\n}",
					"options": {
						"raw": {
							"language": "json"
						}
					}
				},
				"url": {
					"raw": "https://my338453.crm.ondemand.com/sap/c4c/odata/cust/v1/srvtkt/ServiceRequestCollection?$filter=TicketID eq '100958875'",
					"protocol": "https",
					"host": [
						"my338453",
						"crm",
						"ondemand",
						"com"
					],
					"path": [
						"sap",
						"c4c",
						"odata",
						"cust",
						"v1",
						"srvtkt",
						"ServiceRequestCollection"
					],
					"query": [
						{
							"key": "$filter",
							"value": "TicketID eq '100958875'"
						}
					]
				}
			},
			"response": []
		},
		{
			"name": "WF2_Z6_QA",
			"request": {
				"auth": {
					"type": "basic",
					"basic": [
						{
							"key": "password",
							"value": "Elx@12345",
							"type": "string"
						},
						{
							"key": "username",
							"value": "_R2D2",
							"type": "string"
						}
					]
				},
				"method": "POST",
				"header": [
					{
						"key": "Accept",
						"value": "application/json",
						"type": "text"
					}
				],
				"body": {
					"mode": "raw",
					"raw": "{\r\n\t\"ProcessingTypeCode\": \"ZSRR\",\r\n\t\"Name\": \"WF2 28-09-2022 Test Case 1 - Z6\",\r\n\t\"DataOriginTypeCode\": \"1\",\r\n\t\"SerialID\": \"2021_1896416\",\r\n\t\"ProductID\": \"911536437\",\r\n\t\"ServiceRequestUserLifeCycleStatusCode\": \"Z6\",\r\n\t\"ServiceExecutionTeamPartyID\": \"NOXSOP101\",\r\n\t\"BuyerPartyID\": \"1222491\",\r\n\t\"ServiceIssueCategoryID\": \"1\",\r\n\t\"LX_PRD_CH1_KUT\": \"500\",\r\n\t\"LX_TCK_CVRG\": \"Z1\",\r\n\t\"LX_TKT_ISPTYP\": \"111\"\r\n}",
					"options": {
						"raw": {
							"language": "json"
						}
					}
				},
				"url": {
					"raw": "https://my338453.crm.ondemand.com/sap/c4c/odata/v1/ticket/ServiceRequestCollection",
					"protocol": "https",
					"host": [
						"my338453",
						"crm",
						"ondemand",
						"com"
					],
					"path": [
						"sap",
						"c4c",
						"odata",
						"v1",
						"ticket",
						"ServiceRequestCollection"
					]
				}
			},
			"response": []
		}
	]
}